Workbook

Sheet GSM 875
D2: SISTEMAS INTEGRADOS DE GESTIÓN | O2: CÓDIGO: SIG.FT-57
O3: VERSIÓN: 02
D4: INDICADORES PESV | O4: FECHA: 22/07/2025
B5: NOMBRE INDICADOR: | I5: PERIODO DE MEDICIÓN: | K5: FRECUENCIA: | M5: FÓRMULA: | O5: META
B6: EXCESOS DEL LÍMITE DE VELOCIDAD LABORAL (ELVL) | I6: 2026 | K6: MENSUAL Y ANUAL | O6: Mantener el porcentaje de excesos de velocidad laboral por debajo del 5% durante el período anual
B8: DATOS | I8: GRÁFICA
B9: Mes | C9: Desplazamientos laborales (Km totales recorridos por Vehículo) | D9: Desplazamientos con excesos (Km de exceso por Vehículo) | E9: % ELVL MENSUAL POR VEHÍCULO | F9: Desplazamientos laborales acumulados en el año | G9: Desplazamientos con excesos acumulados en el año | H9: % ELVL ANUAL POR VEHÍCULO
B10: ENERO | C10: 841.29 | D10: 423 | E10: =D10/C10 -> 0.50279927 | F10: =SUM(C10:C21) -> 12046.02 | G10: =SUM(D10:D21) -> 4374.66 | H10: =G10/F10 -> 0.36316227
B11: FEBRERO | C11: 1434 | D11: 774 | E11: =D11/C11 -> 0.53974895
B12: MARZO | C12: 1426.19 | D12: 445.03 | E12: =D12/C12 -> 0.31204117
B13: ABRIL | C13: 3076.81 | D13: 423.43 | E13: =D13/C13 -> 0.13761981
B14: MAYO | C14: 1774.5 | D14: 439.49 | E14: =D14/C14 -> 0.24766977
B15: JUNIO | C15: 1643.51 | D15: 751.5 | E15: =D15/C15 -> 0.45725307
B16: JULIO | C16: 1849.72 | D16: 1118.21 | E16: =D16/C16 -> 0.60452933
B17: AGOSTO | E17: =D17/C17 -> #DIV/0!
B18: SEPTIEMBRE | E18: =D18/C18 -> #DIV/0!
B19: OCTUBRE | E19: =D19/C19 -> #DIV/0!
B20: NOVIEMBRE | E20: =D20/C20 -> #DIV/0!
B21: DICIEMBRE | E21: =D21/C21 -> #DIV/0!
B23: ANÁLISIS DE DATOS
B26: Se cumplió con la meta: | D26: SI ____ | E26: NO ____ | F26: Requiere implementar acción? | H26: SI ____ | I26: NO __X__ | K26: Tipo de acción: | L26: AC ____ | M26: AP ____ | N26: No ACCIÓN
B28: RESPONSABLE | M28: VISTO BUENO GERENCIA
B29: Nombre: | F29: Firma: | M29: Firma
B30: Cargo: | F30: Fecha:
M31: Fecha

Sheet OQF240
D2: SISTEMAS INTEGRADOS DE GESTIÓN | O2: CÓDIGO: SIG.FT-57
O3: VERSIÓN: 02
D4: INDICADORES PESV | O4: FECHA: 22/07/2025
B5: NOMBRE INDICADOR: | I5: PERIODO DE MEDICIÓN: | K5: FRECUENCIA: | M5: FÓRMULA: | O5: META
B6: EXCESOS DEL LÍMITE DE VELOCIDAD LABORAL (ELVL) | I6: 2026 | K6: MENSUAL Y ANUAL | O6: Mantener el porcentaje de excesos de velocidad laboral por debajo del 5% durante el período anual
B8: DATOS | I8: GRÁFICA
B9: Mes | C9: Desplazamientos laborales (Km totales recorridos por Vehículo) | D9: Desplazamientos con excesos (Km de exceso por Vehículo) | E9: % ELVL MENSUAL POR VEHÍCULO | F9: Desplazamientos laborales acumulados en el año | G9: Desplazamientos con excesos acumulados en el año | H9: % ELVL ANUAL POR VEHÍCULO
B10: ENERO | C10: 0 | D10: 0 | E10: =D10/C10 -> #DIV/0! | F10: =SUM(C10:C21) -> 579.42 | G10: =SUM(D10:D21) -> 355.58 | H10: =G10/F10 -> 0.61368265
B11: FEBRERO | C11: 0 | D11: 0 | E11: =D11/C11 -> #DIV/0!
B12: MARZO | C12: 0 | D12: 0 | E12: =D12/C12 -> #DIV/0!
B13: ABRIL | C13: 0 | D13: 0 | E13: =D13/C13 -> #DIV/0!
B14: MAYO | C14: 417.02 | D14: 300.3 | E14: =D14/C14 -> 0.72010935
B15: JUNIO | C15: 0 | D15: 0 | E15: =D15/C15 -> #DIV/0!
B16: JULIO | C16: 162.4 | D16: 55.28 | E16: =D16/C16 -> 0.34039409
B17: AGOSTO | E17: =D17/C17 -> #DIV/0!
B18: SEPTIEMBRE | E18: =D18/C18 -> #DIV/0!
B19: OCTUBRE | E19: =D19/C19 -> #DIV/0!
B20: NOVIEMBRE | E20: =D20/C20 -> #DIV/0!
B21: DICIEMBRE | E21: =D21/C21 -> #DIV/0!
B23: ANÁLISIS DE DATOS
B26: Se cumplió con la meta: | D26: SI ____ | E26: NO ____ | F26: Requiere implementar acción? | H26: SI ____ | I26: NO __X__ | K26: Tipo de acción: | L26: AC ____ | M26: AP ____ | N26: No ACCIÓN
B28: RESPONSABLE | M28: VISTO BUENO GERENCIA
B29: Nombre: | F29: Firma: | M29: Firma
B30: Cargo: | F30: Fecha:
M31: Fecha

Sheet UVM365
D2: SISTEMAS INTEGRADOS DE GESTIÓN | O2: CÓDIGO: SIG.FT-57
O3: VERSIÓN: 02
D4: INDICADORES PESV | O4: FECHA: 22/07/2025
B5: NOMBRE INDICADOR: | I5: PERIODO DE MEDICIÓN: | K5: FRECUENCIA: | M5: FÓRMULA: | O5: META
B6: EXCESOS DEL LÍMITE DE VELOCIDAD LABORAL (ELVL) | I6: 2026 | K6: MENSUAL Y ANUAL | O6: Mantener el porcentaje de excesos de velocidad laboral por debajo del 5% durante el período anual
B8: DATOS | I8: GRÁFICA
B9: Mes | C9: Desplazamientos laborales (Km totales recorridos por Vehículo) | D9: Desplazamientos con excesos (Km de exceso por Vehículo) | E9: % ELVL MENSUAL POR VEHÍCULO | F9: Desplazamientos laborales acumulados en el año | G9: Desplazamientos con excesos acumulados en el año | H9: % ELVL ANUAL POR VEHÍCULO
B10: ENERO | C10: 1751.47 | D10: 109 | E10: =D10/C10 -> 0.062233438 | F10: =SUM(C10:C21) -> 3188.3 | G10: =SUM(D10:D21) -> 136.54 | H10: =G10/F10 -> 0.04282533
B11: FEBRERO | C11: 565.41 | D11: 0 | E11: =D11/C11 -> 0
B12: MARZO | C12: 739.63 | D12: 27.54 | E12: =D12/C12 -> 0.037234834
B13: ABRIL | C13: 12.48 | D13: 0 | E13: =D13/C13 -> 0
B14: MAYO | C14: 6.65 | D14: 0 | E14: =D14/C14 -> 0
B15: JUNIO | C15: 0 | D15: 0 | E15: =D15/C15 -> #DIV/0!
B16: JULIO | C16: 112.66 | D16: 0 | E16: =D16/C16 -> 0
B17: AGOSTO | E17: =D17/C17 -> #DIV/0!
B18: SEPTIEMBRE | E18: =D18/C18 -> #DIV/0!
B19: OCTUBRE | E19: =D19/C19 -> #DIV/0!
B20: NOVIEMBRE | E20: =D20/C20 -> #DIV/0!
B21: DICIEMBRE | E21: =D21/C21 -> #DIV/0!
B23: ANÁLISIS DE DATOS
B26: Se cumplió con la meta: | D26: SI ____ | E26: NO ____ | F26: Requiere implementar acción? | H26: SI ____ | I26: NO __X__ | K26: Tipo de acción: | L26: AC ____ | M26: AP ____ | N26: No ACCIÓN
B28: RESPONSABLE | M28: VISTO BUENO GERENCIA
B29: Nombre: | F29: Firma: | M29: Firma
B30: Cargo: | F30: Fecha:
M31: Fecha

Sheet HCQ911
D2: SISTEMAS INTEGRADOS DE GESTIÓN | O2: CÓDIGO: SIG.FT-57
O3: VERSIÓN: 02
D4: INDICADORES PESV | O4: FECHA: 22/07/2025
B5: NOMBRE INDICADOR: | I5: PERIODO DE MEDICIÓN: | K5: FRECUENCIA: | M5: FÓRMULA: | O5: META
B6: EXCESOS DEL LÍMITE DE VELOCIDAD LABORAL (ELVL) | I6: 2026 | K6: MENSUAL Y ANUAL | O6: Mantener el porcentaje de excesos de velocidad laboral por debajo del 5% durante el período anual
B8: DATOS | I8: GRÁFICA
B9: Mes | C9: Desplazamientos laborales (Km totales recorridos por Vehículo) | D9: Desplazamientos con excesos (Km de exceso por Vehículo) | E9: % ELVL MENSUAL POR VEHÍCULO | F9: Desplazamientos laborales acumulados en el año | G9: Desplazamientos con excesos acumulados en el año | H9: % ELVL ANUAL POR VEHÍCULO
B10: ENERO | C10: 748 | D10: 219 | E10: =D10/C10 -> 0.29278075 | F10: =SUM(C10:C21) -> 5423.08 | G10: =SUM(D10:D21) -> 1235.23 | H10: =G10/F10 -> 0.22777278
B11: FEBRERO | C11: 1197 | D11: 344 | E11: =D11/C11 -> 0.28738513
B12: MARZO | C12: 0.63 | D12: 0 | E12: =D12/C12 -> 0
B13: ABRIL | C13: 268.06 | D13: 93.27 | E13: =D13/C13 -> 0.34794449
B14: MAYO | C14: 788.19 | D14: 216.08 | E14: =D14/C14 -> 0.2741471
B15: JUNIO | C15: 1255.1 | D15: 131.27 | E15: =D15/C15 -> 0.10458928
B16: JULIO | C16: 1166.1 | D16: 231.61 | E16: =D16/C16 -> 0.19861933
B17: AGOSTO | E17: =D17/C17 -> #DIV/0!
B18: SEPTIEMBRE | E18: =D18/C18 -> #DIV/0!
B19: OCTUBRE | E19: =D19/C19 -> #DIV/0!
B20: NOVIEMBRE | E20: =D20/C20 -> #DIV/0!
B21: DICIEMBRE | E21: =D21/C21 -> #DIV/0!
B23: ANÁLISIS DE DATOS
B26: Se cumplió con la meta: | D26: SI ____ | E26: NO ____ | F26: Requiere implementar acción? | H26: SI ____ | I26: NO __X__ | K26: Tipo de acción: | L26: AC ____ | M26: AP ____ | N26: No ACCIÓN
B28: RESPONSABLE | M28: VISTO BUENO GERENCIA
B29: Nombre: | F29: Firma: | M29: Firma
B30: Cargo: | F30: Fecha:
M31: Fecha

Sheet SKB422
D2: SISTEMAS INTEGRADOS DE GESTIÓN | O2: CÓDIGO: SIG.FT-57
O3: VERSIÓN: 02
D4: INDICADORES PESV | O4: FECHA: 22/07/2025
B5: NOMBRE INDICADOR: | I5: PERIODO DE MEDICIÓN: | K5: FRECUENCIA: | M5: FÓRMULA: | O5: META
B6: EXCESOS DEL LÍMITE DE VELOCIDAD LABORAL (ELVL) | I6: 2026 | K6: MENSUAL Y ANUAL | O6: Mantener el porcentaje de excesos de velocidad laboral por debajo del 5% durante el período anual
B8: DATOS | I8: GRÁFICA
B9: Mes | C9: Desplazamientos laborales (Km totales recorridos por Vehículo) | D9: Desplazamientos con excesos (Km de exceso por Vehículo) | E9: % ELVL MENSUAL POR VEHÍCULO | F9: Desplazamientos laborales acumulados en el año | G9: Desplazamientos con excesos acumulados en el año | H9: % ELVL ANUAL POR VEHÍCULO
B10: ENERO | C10: 237 | D10: 0 | E10: =D10/C10 -> 0 | F10: =SUM(C10:C21) -> 3279.53 | G10: =SUM(D10:D21) -> 0 | H10: =G10/F10 -> 0
B11: FEBRERO | C11: 488.14 | D11: 0 | E11: =D11/C11 -> 0
B12: MARZO | C12: 1021.86 | D12: 0 | E12: =D12/C12 -> 0
B13: ABRIL | C13: 562 | D13: 0 | E13: =D13/C13 -> 0
B14: MAYO | C14: 449.26 | D14: 0 | E14: =D14/C14 -> 0
B15: JUNIO | C15: 58.88 | D15: 0 | E15: =D15/C15 -> 0
B16: JULIO | C16: 462.39 | D16: 0 | E16: =D16/C16 -> 0
B17: AGOSTO | E17: =D17/C17 -> #DIV/0!
B18: SEPTIEMBRE | E18: =D18/C18 -> #DIV/0!
B19: OCTUBRE | E19: =D19/C19 -> #DIV/0!
B20: NOVIEMBRE | E20: =D20/C20 -> #DIV/0!
B21: DICIEMBRE | E21: =D21/C21 -> #DIV/0!
B23: ANÁLISIS DE DATOS
B26: Se cumplió con la meta: | D26: SI ____ | E26: NO ____ | F26: Requiere implementar acción? | H26: SI ____ | I26: NO __X__ | K26: Tipo de acción: | L26: AC ____ | M26: AP ____ | N26: No ACCIÓN
B28: RESPONSABLE | M28: VISTO BUENO GERENCIA
B29: Nombre: | F29: Firma: | M29: Firma
B30: Cargo: | F30: Fecha:
M31: Fecha

Sheet Hoja6
B2: ACUMULADO | C2: GSM875 | D2: OQF240 | E2: UVM 365 | F2: HCQ 911 | G2: SKB 422 | I2: TOTAL
C3: Total KM | D3: Total KM | E3: Total KM | F3: Total KM | G3: Total KM | I3: KM
C4: =SUM('GSM 875'!C10:C21) -> 12046.02 | D4: =SUM('OQF240'!C10:C21) -> 579.42 | E4: =SUM('UVM365'!C10:C21) -> 3188.3 | F4: =SUM('HCQ911'!C10:C21) -> 5423.08 | G4: =SUM('SKB422'!C10:C21) -> 3279.53 | I4: =SUM(C4:G4) -> 24516.35
